[
				{
				"title":"GUTUNA",
				"explanation":"Hurrengo hilabeterako udalekuak antolatuko direla jakin duzu. Zuk ezagutzen duzun norbaitekin joan nahi zenuke. Idatzi zure herrian bizi ez den lagun on bati zurekin joateko. Zure gutunean horrelako informazioa eman:",
				"items":[{"item":"Noiz izango diren, non eta zenbat egunekoak diren."},
							{"item":"Udaleku horietan zuen gustuko ekintzak egingo dira (zeuk asmatu zeintzuk diren)."},
							{"item":"Udalekuez gain, zure egoeraz ere mintzatu: nola zauden, zelako gauzak egiten ari zaren, etab."}
							],
				"imagesURL":[
							],
				"conditions":"Oroitu idatzi behar duzun testua gutun bat dela! Zure idazkiak 100 hitz eduki behar ditu gutxienez."		
				},
				{
				"title":"E- POSTA",
				"explanation":"Atzo lagun on baten urtebetetzea izan zen, baina ahaztu egin zenuen. Badakizu berarentzat oso garrantzitsua dela egun hori. Idatzi e-posta zorionak emateko eta barkamena eskatzeko.",
				"items":[{"item":"Zoriondu"},
							{"item":"Zer egin zuen galdetu, norekin egon zen, oparirik jaso duen ..."},
							{"item":"Zer dela eta ahaztu zitzaizun?"},
							{"item":"Barkamena eskatu."},
							{"item":"Noiz izango duzuen aukera elkarrekin egoteko."}
							],
				"imagesURL":[
							],
				"conditions":"Oroitu idatzi behar duzun testua gutun bat dela! Zure idazkiak 100 hitz eduki behar ditu gutxienez."		
				},
				{
				"title":"ERREKLAMAZIOA",
				"explanation":"Atzo telefono konpainiatik hilabetero jasotzen duzun faktura heldu zitzaizun. Hilabete honetan, besteetan baino faktura altuagoa heldu zaizu. Normalean 30 euro ordaintzen dituzu baina oraingo honetan 70 euro ordaindu behar dituzula esan dizute. Zuk ez duzu aparteko gasturik egin hilabete honetan, beraz, egokitzen zaizun dirua bueltatzeko erreklamazio gutun bat idaztea bururatu zaizu.",
				"items":[{"item":"Egoera azaldu.-Zer gertatu den.-Normalean gastatzen duzuna esan."},
							{"item":"Gertatutakoaren inguruan azalpenak eskatu."},
							{"item":"Arazoa ez konpontzekotan hartuko dituzun neurriak kontatu."}
							],
				"imagesURL":[
							],
				"conditions":"Oroitu idatzi behar duzun testua gutun bat dela! Zure idazkiak 100 hitz eduki behar ditu gutxienez."		
				},
				{
				"title":"ARTIKULUA",
				"explanation":"Bihar, martxoak 8, emakumearen eguna izango da. Zure pentsamendua eta ideiak adierazteko aldizkari batean artikulu bat idaztea bururatu zaizu.",
				"items":[{"item":"Zergaitik da garrantzitsua emakumearen eguna?"},
							{"item":"Gaur egun gizon-emakumeen berdintasuna lortu da?Zertan berdinak? Zertan ezberdinak?"},
							{"item":"Berdintasuna lortzeko soluzioren bat aurkeztu."},
							{"item":"Gure gizarteak zein jarrera du gai honen aurrean?"},
							{"item":"Zeintzuk dira hartu beharreko neurriak?"}
							],
				"imagesURL":[
							],
				"conditions":"Oroitu idatzi behar duzun testua gutun bat dela! Zure idazkiak 100 hitz eduki behar ditu gutxienez."		
				},
				{
				"title":"DESKRIBAPENA",
				"explanation":"Hiru hilabetez Londresera joan zara bizitzera eta zure lagun batek jakin nahi du nolakoa den zure familia berria, ez duelako ezagutzen. Deskriba ezazu familiako partaide bakoitza eta nolakoa den bizimodua haiekin batera.",
				"items":[{"item":"Zenbat zarete familian?"},
							{"item":"Nolakoak dira? (jarrera, fisikoki, ohiturak ….) "},
							{"item":"Non bizi zarete? Nolakoa da etxea?"},
							{"item":"Nolakoa da zuen egunerokotasuna?"}
							],
				"imagesURL":[
							],
				"conditions":"Oroitu idatzi behar duzun testua gutun bat dela! Zure idazkiak 100 hitz eduki behar ditu gutxienez."		
				}
				
]

		
		