[
		{
			"statements":[
				{
				"statement":"Litzentziaturako azterketa zail hura gainditzekotan, aldez aurretik oso ondo prestatu beharra zuen Koldok.",
				"solution":"Lizentziaturako azterketa zail hura gainditu nahi bazuen, aldez aurretik oso ondo  prestatu beharra zuen Koldok",
				"placeholder":"………………………..Ba-………………………………………………………………."
				},
				{
				"statement":"Liburu mardul hau da lana egitean laguntzarik handiena eman diguna",
				"solution":"Liburu mardul honek eman digu laguntzarik handiena lana egitean",
				"placeholder":"………………Digu………………………………………………………………………."
				},
				{
				"statement":"'Zerk bulaza zaitezkete euskara ikastera?' Galdetu zigun Kepak lehenengo egunean",
				"solution":"Euskara ikastera zerk bulaza gintzakeen galdetu zigun Kepak lehenengo egunean",
				"placeholder":"……………………………Galdetu……………………………………………………..."
				},
				{
				"statement":"Afaria Arzakenean izango zela entzun genion Olatzi, baita beraren senargaia etorriko zela ere",
				"solution":"Afaria Arzakenean izango zela eta beraren senargaia etorriko zela ere entzun genion Olatzi",
				"placeholder":"........................................................................................................Entzun genion Olatzi."
				},
				{
				"statement":"Anek ondo ikusten zuen bere burua lanpostu hartarako, eta Enekok berea ere bai",
				"solution":"Anek eta enekok ondo ikusten zuten beren burua lanpostu hartarako",
				"placeholder":"Anek eta Enekok ..............................................................................................................."
				},
				{
				"statement":"Nire aburuz, derbya Arhleticek Realak baino dezente hobeo jokatu zuen",
				"solution":"Nire aburuz, derbyan Realak ez zuen Athleticek bezain ondo jokatu",
				"placeholder":"..............................................................................Bezain...................................................."
				},
				{
				"statement":"Ulertuko duzunez , une hartan nik ezin izan nizuen halako mesederik eskatu",
				"solution":"Nik ez nuen zuei halako mesederik eskatzerik izan",
				"placeholder":"..............................Nik ez...................................................................................................."
				},
				{
				"statement":"Maider neska ezin atseginagoa da, baina Arrate ez da gutxiago",
				"solution":"Maider eta Arrate zein baino zein neska atseginagoak dira",
				"placeholder":"...........................Baino........................................................................................................"
				},
				{
				"statement":"Argi eta garbi esan nizuen neure etxean ez azaltzeko eta, are gutxiago, oparirik ekartzeko",
				"solution":"Argi era Garbi esan nizuen neure etxean azal ez zaiteztela eta,are gutxiago, oparirik ekar zenezatela",
				"placeholder":"............................Azal ez....................................................................................................."
				},
				{
				"statement":"Liburu hori berori erosi eta irakurri dut, baina baita gstau ere",
				"solution":"Liburu hori berori erosteaz eta irakurtzeaz gain, gustatu ere egin zait",
				"placeholder":"...............................Gain, ................................ere.............................................................."
				}
				]
		},
		{
			"statements":[
				{
				"statement":"Litzentziaturako azterketa zail hura gainditzekotan, aldez aurretik oso ondo prestatu beharra zuen Koldok.",
				"solution":"Lizentziaturako azterketa zail hura gainditu nahi bazuen, aldez aurretik oso ondo  prestatu beharra zuen Koldok",
				"placeholder":"………………………..Ba-………………………………………………………………."
				},
				{
				"statement":"Liburu mardul hau da lana egitean laguntzarik handiena eman diguna",
				"solution":"Liburu mardul honek eman digu laguntzarik handiena lana egitean",
				"placeholder":"………………Digu………………………………………………………………………."
				},
				{
				"statement":"'Zerk bulaza zaitezkete euskara ikastera?' Galdetu zigun Kepak lehenengo egunean",
				"solution":"Euskara ikastera zerk bulaza gintzakeen galdetu zigun Kepak lehenengo egunean",
				"placeholder":"……………………………Galdetu……………………………………………………..."
				},
				{
				"statement":"Afaria Arzakenean izango zela entzun genion Olatzi, baita beraren senargaia etorriko zela ere",
				"solution":"Afaria Arzakenean izango zela eta beraren senargaia etorriko zela ere entzun genion Olatzi",
				"placeholder":"........................................................................................................Entzun genion Olatzi."
				},
				{
				"statement":"Anek ondo ikusten zuen bere burua lanpostu hartarako, eta Enekok berea ere bai",
				"solution":"Anek eta enekok ondo ikusten zuten beren burua lanpostu hartarako",
				"placeholder":"Anek eta Enekok ..............................................................................................................."
				},
				{
				"statement":"Nire aburuz, derbya Arhleticek Realak baino dezente hobeo jokatu zuen",
				"solution":"Nire aburuz, derbyan Realak ez zuen Athleticek bezain ondo jokatu",
				"placeholder":"..............................................................................Bezain...................................................."
				},
				{
				"statement":"Ulertuko duzunez , une hartan nik ezin izan nizuen halako mesederik eskatu",
				"solution":"Nik ez nuen zuei halako mesederik eskatzerik izan",
				"placeholder":"..............................Nik ez...................................................................................................."
				},
				{
				"statement":"Maider neska ezin atseginagoa da, baina Arrate ez da gutxiago",
				"solution":"Maider eta Arrate zein baino zein neska atseginagoak dira",
				"placeholder":"...........................Baino........................................................................................................"
				},
				{
				"statement":"Argi eta garbi esan nizuen neure etxean ez azaltzeko eta, are gutxiago, oparirik ekartzeko",
				"solution":"Argi era Garbi esan nizuen neure etxean azal ez zaiteztela eta,are gutxiago, oparirik ekar zenezatela",
				"placeholder":"............................Azal ez....................................................................................................."
				},
				{
				"statement":"Liburu hori berori erosi eta irakurri dut, baina baita gstau ere",
				"solution":"Liburu hori berori erosteaz eta irakurtzeaz gain, gustatu ere egin zait",
				"placeholder":"...............................Gain, ................................ere.............................................................."
				}
				]
		},
		{
			"statements":[
				{
				"statement":"Litzentziaturako azterketa zail hura gainditzekotan, aldez aurretik oso ondo prestatu beharra zuen Koldok.",
				"solution":"Lizentziaturako azterketa zail hura gainditu nahi bazuen, aldez aurretik oso ondo  prestatu beharra zuen Koldok",
				"placeholder":"………………………..Ba-………………………………………………………………."
				},
				{
				"statement":"Liburu mardul hau da lana egitean laguntzarik handiena eman diguna",
				"solution":"Liburu mardul honek eman digu laguntzarik handiena lana egitean",
				"placeholder":"………………Digu………………………………………………………………………."
				},
				{
				"statement":"'Zerk bulaza zaitezkete euskara ikastera?' Galdetu zigun Kepak lehenengo egunean",
				"solution":"Euskara ikastera zerk bulaza gintzakeen galdetu zigun Kepak lehenengo egunean",
				"placeholder":"……………………………Galdetu……………………………………………………..."
				},
				{
				"statement":"Afaria Arzakenean izango zela entzun genion Olatzi, baita beraren senargaia etorriko zela ere",
				"solution":"Afaria Arzakenean izango zela eta beraren senargaia etorriko zela ere entzun genion Olatzi",
				"placeholder":"........................................................................................................Entzun genion Olatzi."
				},
				{
				"statement":"Anek ondo ikusten zuen bere burua lanpostu hartarako, eta Enekok berea ere bai",
				"solution":"Anek eta enekok ondo ikusten zuten beren burua lanpostu hartarako",
				"placeholder":"Anek eta Enekok ..............................................................................................................."
				},
				{
				"statement":"Nire aburuz, derbya Arhleticek Realak baino dezente hobeo jokatu zuen",
				"solution":"Nire aburuz, derbyan Realak ez zuen Athleticek bezain ondo jokatu",
				"placeholder":"..............................................................................Bezain...................................................."
				},
				{
				"statement":"Ulertuko duzunez , une hartan nik ezin izan nizuen halako mesederik eskatu",
				"solution":"Nik ez nuen zuei halako mesederik eskatzerik izan",
				"placeholder":"..............................Nik ez...................................................................................................."
				},
				{
				"statement":"Maider neska ezin atseginagoa da, baina Arrate ez da gutxiago",
				"solution":"Maider eta Arrate zein baino zein neska atseginagoak dira",
				"placeholder":"...........................Baino........................................................................................................"
				},
				{
				"statement":"Argi eta garbi esan nizuen neure etxean ez azaltzeko eta, are gutxiago, oparirik ekartzeko",
				"solution":"Argi era Garbi esan nizuen neure etxean azal ez zaiteztela eta,are gutxiago, oparirik ekar zenezatela",
				"placeholder":"............................Azal ez....................................................................................................."
				},
				{
				"statement":"Liburu hori berori erosi eta irakurri dut, baina baita gstau ere",
				"solution":"Liburu hori berori erosteaz eta irakurtzeaz gain, gustatu ere egin zait",
				"placeholder":"...............................Gain, ................................ere.............................................................."
				}
				
				
				]
		},
		{
			"statements":[
				{
				"statement":"Litzentziaturako azterketa zail hura gainditzekotan, aldez aurretik oso ondo prestatu beharra zuen Koldok.",
				"solution":"1",
				"placeholder":"………………………..Ba-………………………………………………………………."
				},
				{
				"statement":"Liburu mardul hau da lana egitean laguntzarik handiena eman diguna",
				"solution":"2",
				"placeholder":"………………Digu………………………………………………………………………."
				},
				{
				"statement":"'Zerk bulaza zaitezkete euskara ikastera?' Galdetu zigun Kepak lehenengo egunean",
				"solution":"3",
				"placeholder":"……………………………Galdetu……………………………………………………..."
				},
				{
				"statement":"Afaria Arzakenean izango zela entzun genion Olatzi, baita beraren senargaia etorriko zela ere",
				"solution":"4",
				"placeholder":"........................................................................................................Entzun genion Olatzi."
				},
				{
				"statement":"Anek ondo ikusten zuen bere burua lanpostu hartarako, eta Enekok berea ere bai",
				"solution":"5",
				"placeholder":"Anek eta Enekok ..............................................................................................................."
				},
				{
				"statement":"Nire aburuz, derbya Arhleticek Realak baino dezente hobeo jokatu zuen",
				"solution":"6",
				"placeholder":"..............................................................................Bezain...................................................."
				},
				{
				"statement":"Ulertuko duzunez , une hartan nik ezin izan nizuen halako mesederik eskatu",
				"solution":"7",
				"placeholder":"..............................Nik ez...................................................................................................."
				},
				{
				"statement":"Maider neska ezin atseginagoa da, baina Arrate ez da gutxiago",
				"solution":"8",
				"placeholder":"...........................Baino........................................................................................................"
				},
				{
				"statement":"Argi eta garbi esan nizuen neure etxean ez azaltzeko eta, are gutxiago, oparirik ekartzeko",
				"solution":"9",
				"placeholder":"............................Azal ez....................................................................................................."
				},
				{
				"statement":"Liburu hori berori erosi eta irakurri dut, baina baita gstau ere",
				"solution":"10",
				"placeholder":"...............................Gain, ................................ere.............................................................."
				}
				
				
				]
		},
		{
			"statements":[
				{
				"statement":"Litzentziaturako azterketa zail hura gainditzekotan, aldez aurretik oso ondo prestatu beharra zuen Koldok.",
				"solution":"a",
				"placeholder":"………………………..Ba-………………………………………………………………."
				},
				{
				"statement":"Liburu mardul hau da lana egitean laguntzarik handiena eman diguna",
				"solution":"s",
				"placeholder":"………………Digu………………………………………………………………………."
				},
				{
				"statement":"'Zerk bulaza zaitezkete euskara ikastera?' Galdetu zigun Kepak lehenengo egunean",
				"solution":"D",
				"placeholder":"……………………………Galdetu……………………………………………………..."
				},
				{
				"statement":"Afaria Arzakenean izango zela entzun genion Olatzi, baita beraren senargaia etorriko zela ere",
				"solution":"F",
				"placeholder":"........................................................................................................Entzun genion Olatzi."
				},
				{
				"statement":"Anek ondo ikusten zuen bere burua lanpostu hartarako, eta Enekok berea ere bai",
				"solution":"g",
				"placeholder":"Anek eta Enekok ..............................................................................................................."
				},
				{
				"statement":"Nire aburuz, derbya Arhleticek Realak baino dezente hobeo jokatu zuen",
				"solution":"  H ",
				"placeholder":"..............................................................................Bezain...................................................."
				},
				{
				"statement":"Ulertuko duzunez , une hartan nik ezin izan nizuen halako mesederik eskatu",
				"solution":"j  ",
				"placeholder":"..............................Nik ez...................................................................................................."
				},
				{
				"statement":"Maider neska ezin atseginagoa da, baina Arrate ez da gutxiago",
				"solution":"   k",
				"placeholder":"...........................Baino........................................................................................................"
				},
				{
				"statement":"Argi eta garbi esan nizuen neure etxean ez azaltzeko eta, are gutxiago, oparirik ekartzeko",
				"solution":"l",
				"placeholder":"............................Azal ez....................................................................................................."
				},
				{
				"statement":"Liburu hori berori erosi eta irakurri dut, baina baita gstau ere",
				"solution":"Ñ",
				"placeholder":"...............................Gain, ................................ere.............................................................."
				}
				
				
				]
		}
	]		